,latitude,longitude,time,predictions_lag0
380016,0.0,20.0,2019-01-04,9.825147e-06
380017,0.0,22.5,2019-01-04,5.7817374e-06
380018,0.0,25.0,2019-01-04,8.02341e-06
380019,0.0,27.5,2019-01-04,1.4282057e-05
380020,0.0,30.0,2019-01-04,1.5420672e-05
380021,0.0,32.5,2019-01-04,1.51515715e-05
380022,0.0,35.0,2019-01-04,2.3704539e-05
380023,0.0,37.5,2019-01-04,3.4585635e-05
380024,0.0,40.0,2019-01-04,5.9019643e-05
380025,0.0,42.5,2019-01-04,4.136324e-05
380026,0.0,45.0,2019-01-04,1.8780525e-05
380027,0.0,47.5,2019-01-04,5.458943e-06
380028,0.0,50.0,2019-01-04,2.1402243e-06
380029,0.0,52.5,2019-01-04,9.470824e-07
380030,0.0,55.0,2019-01-04,3.2631266e-07
380031,0.0,57.5,2019-01-04,1.6101082e-07
380032,0.0,60.0,2019-01-04,9.39028e-08
380033,0.0,62.5,2019-01-04,9.1244374e-08
380034,0.0,65.0,2019-01-04,7.044259e-08
380035,0.0,67.5,2019-01-04,1.2355422e-07
380036,0.0,70.0,2019-01-04,1.4904137e-07
380037,0.0,72.5,2019-01-04,3.1503882e-07
380038,0.0,75.0,2019-01-04,3.4344674e-07
380039,0.0,77.5,2019-01-04,1.4449872e-06
380040,0.0,80.0,2019-01-04,4.4895264e-06
380041,0.0,82.5,2019-01-04,2.789025e-05
380042,0.0,85.0,2019-01-04,6.775784e-05
380043,0.0,87.5,2019-01-04,0.00023210651
380044,0.0,90.0,2019-01-04,0.00038586106
380045,-2.5,20.0,2019-01-04,1.8477309e-05
380046,-2.5,22.5,2019-01-04,5.093103e-06
380047,-2.5,25.0,2019-01-04,6.0614266e-06
380048,-2.5,27.5,2019-01-04,8.951845e-06
380049,-2.5,30.0,2019-01-04,1.1436875e-05
380050,-2.5,32.5,2019-01-04,1.3295632e-05
380051,-2.5,35.0,2019-01-04,1.419288e-05
380052,-2.5,37.5,2019-01-04,1.044302e-05
380053,-2.5,40.0,2019-01-04,6.0663306e-06
380054,-2.5,42.5,2019-01-04,2.6832995e-06
380055,-2.5,45.0,2019-01-04,1.3180772e-06
380056,-2.5,47.5,2019-01-04,9.14529e-07
380057,-2.5,50.0,2019-01-04,3.7895404e-07
380058,-2.5,52.5,2019-01-04,3.2392336e-07
380059,-2.5,55.0,2019-01-04,7.530178e-08
380060,-2.5,57.5,2019-01-04,8.291321e-08
380061,-2.5,60.0,2019-01-04,1.9098595e-08
380062,-2.5,62.5,2019-01-04,1.528606e-08
380063,-2.5,65.0,2019-01-04,1.002014e-08
380064,-2.5,67.5,2019-01-04,2.2640291e-08
380065,-2.5,70.0,2019-01-04,2.986553e-08
380066,-2.5,72.5,2019-01-04,3.913847e-08
380067,-2.5,75.0,2019-01-04,4.7030166e-08
380068,-2.5,77.5,2019-01-04,1.18629345e-07
380069,-2.5,80.0,2019-01-04,2.5373444e-07
380070,-2.5,82.5,2019-01-04,2.0308082e-06
380071,-2.5,85.0,2019-01-04,5.811567e-06
380072,-2.5,87.5,2019-01-04,3.4992772e-05
380073,-2.5,90.0,2019-01-04,0.00010446307
380074,-5.0,20.0,2019-01-04,5.2912957e-05
380075,-5.0,22.5,2019-01-04,1.7977278e-05
380076,-5.0,25.0,2019-01-04,1.7629707e-05
380077,-5.0,27.5,2019-01-04,1.6298742e-05
380078,-5.0,30.0,2019-01-04,2.1272428e-05
380079,-5.0,32.5,2019-01-04,2.0493086e-05
380080,-5.0,35.0,2019-01-04,2.4537161e-05
380081,-5.0,37.5,2019-01-04,1.62984e-05
380082,-5.0,40.0,2019-01-04,1.13106635e-05
380083,-5.0,42.5,2019-01-04,5.2610926e-06
380084,-5.0,45.0,2019-01-04,5.334176e-06
380085,-5.0,47.5,2019-01-04,9.727475e-06
380086,-5.0,50.0,2019-01-04,7.003758e-06
380087,-5.0,52.5,2019-01-04,5.8517207e-06
380088,-5.0,55.0,2019-01-04,5.2807773e-06
380089,-5.0,57.5,2019-01-04,3.2843047e-06
380090,-5.0,60.0,2019-01-04,2.2114707e-06
380091,-5.0,62.5,2019-01-04,1.443541e-06
380092,-5.0,65.0,2019-01-04,2.5645866e-06
380093,-5.0,67.5,2019-01-04,1.0758e-06
380094,-5.0,70.0,2019-01-04,8.207752e-07
380095,-5.0,72.5,2019-01-04,2.884592e-07
380096,-5.0,75.0,2019-01-04,5.920569e-07
380097,-5.0,77.5,2019-01-04,9.005772e-07
380098,-5.0,80.0,2019-01-04,1.8183333e-06
380099,-5.0,82.5,2019-01-04,4.6546224e-06
380100,-5.0,85.0,2019-01-04,1.0943392e-05
380101,-5.0,87.5,2019-01-04,3.5064528e-05
380102,-5.0,90.0,2019-01-04,0.00012031694
380103,-7.5,20.0,2019-01-04,0.000111921494
380104,-7.5,22.5,2019-01-04,3.6247657e-05
380105,-7.5,25.0,2019-01-04,3.430524e-05
380106,-7.5,27.5,2019-01-04,3.379442e-05
380107,-7.5,30.0,2019-01-04,3.76297e-05
380108,-7.5,32.5,2019-01-04,2.9513096e-05
380109,-7.5,35.0,2019-01-04,2.9964987e-05
380110,-7.5,37.5,2019-01-04,2.1169659e-05
380111,-7.5,40.0,2019-01-04,2.0775857e-05
380112,-7.5,42.5,2019-01-04,1.5665988e-05
380113,-7.5,45.0,2019-01-04,2.5364849e-05
380114,-7.5,47.5,2019-01-04,4.3849883e-05
380115,-7.5,50.0,2019-01-04,6.118685e-05
380116,-7.5,52.5,2019-01-04,7.742158e-05
380117,-7.5,55.0,2019-01-04,0.000108035965
380118,-7.5,57.5,2019-01-04,0.00010565018
380119,-7.5,60.0,2019-01-04,9.622328e-05
380120,-7.5,62.5,2019-01-04,0.00015221044
380121,-7.5,65.0,2019-01-04,0.00018363901
380122,-7.5,67.5,2019-01-04,7.325491e-05
380123,-7.5,70.0,2019-01-04,2.6286e-05
380124,-7.5,72.5,2019-01-04,4.7548438e-06
380125,-7.5,75.0,2019-01-04,6.0737057e-06
380126,-7.5,77.5,2019-01-04,1.1223329e-05
380127,-7.5,80.0,2019-01-04,1.8030814e-05
380128,-7.5,82.5,2019-01-04,1.8829664e-05
380129,-7.5,85.0,2019-01-04,1.9159554e-05
380130,-7.5,87.5,2019-01-04,4.218715e-05
380131,-7.5,90.0,2019-01-04,0.0001099143
380132,-10.0,20.0,2019-01-04,0.000121677454
380133,-10.0,22.5,2019-01-04,4.4424156e-05
380134,-10.0,25.0,2019-01-04,4.419126e-05
380135,-10.0,27.5,2019-01-04,5.012665e-05
380136,-10.0,30.0,2019-01-04,5.1504754e-05
380137,-10.0,32.5,2019-01-04,3.9294515e-05
380138,-10.0,35.0,2019-01-04,3.2192518e-05
380139,-10.0,37.5,2019-01-04,2.7492293e-05
380140,-10.0,40.0,2019-01-04,3.4097284e-05
380141,-10.0,42.5,2019-01-04,4.093309e-05
380142,-10.0,45.0,2019-01-04,5.0767343e-05
380143,-10.0,47.5,2019-01-04,9.825838e-05
380144,-10.0,50.0,2019-01-04,0.00015742815
380145,-10.0,52.5,2019-01-04,0.00038700286
380146,-10.0,55.0,2019-01-04,0.00065178453
380147,-10.0,57.5,2019-01-04,0.0014573421
380148,-10.0,60.0,2019-01-04,0.0027446304
380149,-10.0,62.5,2019-01-04,0.0031252585
380150,-10.0,65.0,2019-01-04,0.0012606329
380151,-10.0,67.5,2019-01-04,0.0003686622
380152,-10.0,70.0,2019-01-04,0.00010021718
380153,-10.0,72.5,2019-01-04,2.3805711e-05
380154,-10.0,75.0,2019-01-04,3.9365255e-05
380155,-10.0,77.5,2019-01-04,6.829289e-05
380156,-10.0,80.0,2019-01-04,7.9759826e-05
380157,-10.0,82.5,2019-01-04,4.7793546e-05
380158,-10.0,85.0,2019-01-04,1.8078264e-05
380159,-10.0,87.5,2019-01-04,2.151402e-05
380160,-10.0,90.0,2019-01-04,5.554563e-05
380161,-12.5,20.0,2019-01-04,8.178063e-05
380162,-12.5,22.5,2019-01-04,3.280103e-05
380163,-12.5,25.0,2019-01-04,3.268581e-05
380164,-12.5,27.5,2019-01-04,3.835817e-05
380165,-12.5,30.0,2019-01-04,4.985702e-05
380166,-12.5,32.5,2019-01-04,4.3133376e-05
380167,-12.5,35.0,2019-01-04,4.2810294e-05
380168,-12.5,37.5,2019-01-04,4.453928e-05
380169,-12.5,40.0,2019-01-04,5.565878e-05
380170,-12.5,42.5,2019-01-04,5.9929804e-05
380171,-12.5,45.0,2019-01-04,5.0369887e-05
380172,-12.5,47.5,2019-01-04,9.708282e-05
380173,-12.5,50.0,2019-01-04,0.00024306249
380174,-12.5,52.5,2019-01-04,0.00074681325
380175,-12.5,55.0,2019-01-04,0.0013929257
380176,-12.5,57.5,2019-01-04,0.004180876
380177,-12.5,60.0,2019-01-04,0.00793388
380178,-12.5,62.5,2019-01-04,0.0069739753
380179,-12.5,65.0,2019-01-04,0.0024720165
380180,-12.5,67.5,2019-01-04,0.0004130609
380181,-12.5,70.0,2019-01-04,0.00014449818
380182,-12.5,72.5,2019-01-04,5.6313118e-05
380183,-12.5,75.0,2019-01-04,6.9714166e-05
380184,-12.5,77.5,2019-01-04,8.1620135e-05
380185,-12.5,80.0,2019-01-04,8.516489e-05
380186,-12.5,82.5,2019-01-04,3.2983902e-05
380187,-12.5,85.0,2019-01-04,1.7284174e-05
380188,-12.5,87.5,2019-01-04,1.4862712e-05
380189,-12.5,90.0,2019-01-04,2.9130742e-05
380190,-15.0,20.0,2019-01-04,3.8705188e-05
380191,-15.0,22.5,2019-01-04,1.6991627e-05
380192,-15.0,25.0,2019-01-04,1.608172e-05
380193,-15.0,27.5,2019-01-04,2.46527e-05
380194,-15.0,30.0,2019-01-04,3.956631e-05
380195,-15.0,32.5,2019-01-04,6.136565e-05
380196,-15.0,35.0,2019-01-04,0.00010251958
380197,-15.0,37.5,2019-01-04,0.0001392408
380198,-15.0,40.0,2019-01-04,0.00015397131
380199,-15.0,42.5,2019-01-04,0.000109327666
380200,-15.0,45.0,2019-01-04,8.067746e-05
380201,-15.0,47.5,2019-01-04,9.050244e-05
380202,-15.0,50.0,2019-01-04,0.00023933292
380203,-15.0,52.5,2019-01-04,0.00081482
380204,-15.0,55.0,2019-01-04,0.0013305444
380205,-15.0,57.5,2019-01-04,0.002421932
380206,-15.0,60.0,2019-01-04,0.0050672055
380207,-15.0,62.5,2019-01-04,0.0040841578
380208,-15.0,65.0,2019-01-04,0.00071102433
380209,-15.0,67.5,2019-01-04,0.00013437426
380210,-15.0,70.0,2019-01-04,0.000107024534
380211,-15.0,72.5,2019-01-04,8.0708705e-05
380212,-15.0,75.0,2019-01-04,0.0001369491
380213,-15.0,77.5,2019-01-04,8.39019e-05
380214,-15.0,80.0,2019-01-04,9.17618e-05
380215,-15.0,82.5,2019-01-04,5.1516345e-05
380216,-15.0,85.0,2019-01-04,6.744519e-05
380217,-15.0,87.5,2019-01-04,5.6596182e-05
380218,-15.0,90.0,2019-01-04,9.06249e-05
380219,-17.5,20.0,2019-01-04,1.7918503e-05
380220,-17.5,22.5,2019-01-04,7.490393e-06
380221,-17.5,25.0,2019-01-04,7.707847e-06
380222,-17.5,27.5,2019-01-04,1.5174245e-05
380223,-17.5,30.0,2019-01-04,3.219829e-05
380224,-17.5,32.5,2019-01-04,0.00010105282
380225,-17.5,35.0,2019-01-04,0.0002794016
380226,-17.5,37.5,2019-01-04,0.00050467014
380227,-17.5,40.0,2019-01-04,0.0005086266
380228,-17.5,42.5,2019-01-04,0.00024777208
380229,-17.5,45.0,2019-01-04,0.00012517914
380230,-17.5,47.5,2019-01-04,8.0735495e-05
380231,-17.5,50.0,2019-01-04,0.00018094372
380232,-17.5,52.5,2019-01-04,0.00040567864
380233,-17.5,55.0,2019-01-04,0.0007707305
380234,-17.5,57.5,2019-01-04,0.0010291046
380235,-17.5,60.0,2019-01-04,0.0010163472
380236,-17.5,62.5,2019-01-04,0.00040975903
380237,-17.5,65.0,2019-01-04,8.729748e-05
380238,-17.5,67.5,2019-01-04,4.8668986e-05
380239,-17.5,70.0,2019-01-04,8.697905e-05
380240,-17.5,72.5,2019-01-04,0.00010828825
380241,-17.5,75.0,2019-01-04,0.00018297396
380242,-17.5,77.5,2019-01-04,9.659377e-05
380243,-17.5,80.0,2019-01-04,0.00017778971
380244,-17.5,82.5,2019-01-04,0.00014594954
380245,-17.5,85.0,2019-01-04,0.00024069725
380246,-17.5,87.5,2019-01-04,0.00016673018
380247,-17.5,90.0,2019-01-04,0.00019522148
380248,-20.0,20.0,2019-01-04,5.6222893e-06
380249,-20.0,22.5,2019-01-04,2.8277786e-06
380250,-20.0,25.0,2019-01-04,3.7307143e-06
380251,-20.0,27.5,2019-01-04,1.0411259e-05
380252,-20.0,30.0,2019-01-04,3.2336706e-05
380253,-20.0,32.5,2019-01-04,0.00014758467
380254,-20.0,35.0,2019-01-04,0.0004489785
380255,-20.0,37.5,2019-01-04,0.0007565558
380256,-20.0,40.0,2019-01-04,0.00055459194
380257,-20.0,42.5,2019-01-04,0.0002459982
380258,-20.0,45.0,2019-01-04,0.00013522519
380259,-20.0,47.5,2019-01-04,0.00011424761
380260,-20.0,50.0,2019-01-04,0.00016306712
380261,-20.0,52.5,2019-01-04,0.00023267175
380262,-20.0,55.0,2019-01-04,0.00033018543
380263,-20.0,57.5,2019-01-04,0.00035588536
380264,-20.0,60.0,2019-01-04,0.00022132964
380265,-20.0,62.5,2019-01-04,9.010184e-05
380266,-20.0,65.0,2019-01-04,2.704172e-05
380267,-20.0,67.5,2019-01-04,1.9252488e-05
380268,-20.0,70.0,2019-01-04,4.8486927e-05
380269,-20.0,72.5,2019-01-04,0.00016017699
380270,-20.0,75.0,2019-01-04,0.00021424901
380271,-20.0,77.5,2019-01-04,0.00017127422
380272,-20.0,80.0,2019-01-04,0.00015658469
380273,-20.0,82.5,2019-01-04,0.00013192998
380274,-20.0,85.0,2019-01-04,0.00012036696
380275,-20.0,87.5,2019-01-04,0.00012141644
380276,-20.0,90.0,2019-01-04,8.393151e-05
380277,-22.5,20.0,2019-01-04,4.0526415e-06
380278,-22.5,22.5,2019-01-04,1.8338079e-06
380279,-22.5,25.0,2019-01-04,2.7656529e-06
380280,-22.5,27.5,2019-01-04,9.557343e-06
380281,-22.5,30.0,2019-01-04,3.726459e-05
380282,-22.5,32.5,2019-01-04,0.0001595324
380283,-22.5,35.0,2019-01-04,0.00042458723
380284,-22.5,37.5,2019-01-04,0.00050642353
380285,-22.5,40.0,2019-01-04,0.00036091727
380286,-22.5,42.5,2019-01-04,0.00013813931
380287,-22.5,45.0,2019-01-04,0.00012686073
380288,-22.5,47.5,2019-01-04,0.00021473513
380289,-22.5,50.0,2019-01-04,0.00029652595
380290,-22.5,52.5,2019-01-04,0.00034318533
380291,-22.5,55.0,2019-01-04,0.00019683807
380292,-22.5,57.5,2019-01-04,0.00013967576
380293,-22.5,60.0,2019-01-04,6.335009e-05
380294,-22.5,62.5,2019-01-04,2.7869513e-05
380295,-22.5,65.0,2019-01-04,1.3400882e-05
380296,-22.5,67.5,2019-01-04,1.2199283e-05
380297,-22.5,70.0,2019-01-04,2.1596576e-05
380298,-22.5,72.5,2019-01-04,5.8032583e-05
380299,-22.5,75.0,2019-01-04,0.00012868263
380300,-22.5,77.5,2019-01-04,0.00013329921
380301,-22.5,80.0,2019-01-04,8.2939674e-05
380302,-22.5,82.5,2019-01-04,4.4157056e-05
380303,-22.5,85.0,2019-01-04,2.2191769e-05
380304,-22.5,87.5,2019-01-04,1.3588074e-05
380305,-22.5,90.0,2019-01-04,1.0684978e-05
380306,-25.0,20.0,2019-01-04,3.8386847e-06
380307,-25.0,22.5,2019-01-04,2.2670251e-06
380308,-25.0,25.0,2019-01-04,5.9785957e-06
380309,-25.0,27.5,2019-01-04,2.9291085e-05
380310,-25.0,30.0,2019-01-04,0.0001185083
380311,-25.0,32.5,2019-01-04,0.00026485402
380312,-25.0,35.0,2019-01-04,0.00059678056
380313,-25.0,37.5,2019-01-04,0.0005322151
380314,-25.0,40.0,2019-01-04,0.00044681958
380315,-25.0,42.5,2019-01-04,0.0001305001
380316,-25.0,45.0,2019-01-04,0.00015442286
380317,-25.0,47.5,2019-01-04,0.00030352216
380318,-25.0,50.0,2019-01-04,0.0004898104
380319,-25.0,52.5,2019-01-04,0.0006063831
380320,-25.0,55.0,2019-01-04,0.00034556043
380321,-25.0,57.5,2019-01-04,0.0002677898
380322,-25.0,60.0,2019-01-04,0.00017342935
380323,-25.0,62.5,2019-01-04,5.730043e-05
380324,-25.0,65.0,2019-01-04,2.9562958e-05
380325,-25.0,67.5,2019-01-04,2.1463282e-05
380326,-25.0,70.0,2019-01-04,3.1931955e-05
380327,-25.0,72.5,2019-01-04,6.392027e-05
380328,-25.0,75.0,2019-01-04,0.00014040632
380329,-25.0,77.5,2019-01-04,0.00010801846
380330,-25.0,80.0,2019-01-04,7.8267534e-05
380331,-25.0,82.5,2019-01-04,9.642117e-06
380332,-25.0,85.0,2019-01-04,2.1094477e-06
380333,-25.0,87.5,2019-01-04,1.3498725e-06
380334,-25.0,90.0,2019-01-04,3.5712371e-06
380335,-27.5,20.0,2019-01-04,1.5594915e-05
380336,-27.5,22.5,2019-01-04,7.504135e-06
380337,-27.5,25.0,2019-01-04,1.8381523e-05
380338,-27.5,27.5,2019-01-04,5.9436694e-05
380339,-27.5,30.0,2019-01-04,0.00021471098
380340,-27.5,32.5,2019-01-04,0.0003568568
380341,-27.5,35.0,2019-01-04,0.00057100726
380342,-27.5,37.5,2019-01-04,0.00046395758
380343,-27.5,40.0,2019-01-04,0.00031993416
380344,-27.5,42.5,2019-01-04,0.00017410667
380345,-27.5,45.0,2019-01-04,0.00022983717
380346,-27.5,47.5,2019-01-04,0.00036655358
380347,-27.5,50.0,2019-01-04,0.0005527075
380348,-27.5,52.5,2019-01-04,0.0008014873
380349,-27.5,55.0,2019-01-04,0.00095136795
380350,-27.5,57.5,2019-01-04,0.0008955325
380351,-27.5,60.0,2019-01-04,0.0006349861
380352,-27.5,62.5,2019-01-04,0.00019116975
380353,-27.5,65.0,2019-01-04,8.38077e-05
380354,-27.5,67.5,2019-01-04,7.6777105e-05
380355,-27.5,70.0,2019-01-04,0.00012521674
380356,-27.5,72.5,2019-01-04,0.00018580594
380357,-27.5,75.0,2019-01-04,0.0002505723
380358,-27.5,77.5,2019-01-04,0.00021169998
380359,-27.5,80.0,2019-01-04,8.4464475e-05
380360,-27.5,82.5,2019-01-04,1.0044893e-05
380361,-27.5,85.0,2019-01-04,1.4858625e-06
380362,-27.5,87.5,2019-01-04,7.569359e-07
380363,-27.5,90.0,2019-01-04,4.8398374e-06
380364,-30.0,20.0,2019-01-04,1.7262759e-05
380365,-30.0,22.5,2019-01-04,8.8552015e-06
380366,-30.0,25.0,2019-01-04,2.054267e-05
380367,-30.0,27.5,2019-01-04,6.9879236e-05
380368,-30.0,30.0,2019-01-04,0.00027853536
380369,-30.0,32.5,2019-01-04,0.00039221172
380370,-30.0,35.0,2019-01-04,0.00056652003
380371,-30.0,37.5,2019-01-04,0.00046038817
380372,-30.0,40.0,2019-01-04,0.0002489176
380373,-30.0,42.5,2019-01-04,0.00027145597
380374,-30.0,45.0,2019-01-04,0.00037173383
380375,-30.0,47.5,2019-01-04,0.00048931316
380376,-30.0,50.0,2019-01-04,0.00055748544
380377,-30.0,52.5,2019-01-04,0.0007635666
380378,-30.0,55.0,2019-01-04,0.0011197084
380379,-30.0,57.5,2019-01-04,0.0014323805
380380,-30.0,60.0,2019-01-04,0.00082271243
380381,-30.0,62.5,2019-01-04,0.00038071335
380382,-30.0,65.0,2019-01-04,9.3482115e-05
380383,-30.0,67.5,2019-01-04,0.00014122175
380384,-30.0,70.0,2019-01-04,0.00020082564
380385,-30.0,72.5,2019-01-04,0.0004713172
380386,-30.0,75.0,2019-01-04,0.0004210887
380387,-30.0,77.5,2019-01-04,0.0006608989
380388,-30.0,80.0,2019-01-04,0.00013431022
380389,-30.0,82.5,2019-01-04,3.0028434e-05
380390,-30.0,85.0,2019-01-04,5.106224e-06
380391,-30.0,87.5,2019-01-04,2.5669601e-06
380392,-30.0,90.0,2019-01-04,1.8627734e-05
380393,0.0,20.0,2019-01-05,1.0829709e-05
380394,0.0,22.5,2019-01-05,4.576171e-06
380395,0.0,25.0,2019-01-05,4.8035577e-06
380396,0.0,27.5,2019-01-05,6.444051e-06
380397,0.0,30.0,2019-01-05,5.2456717e-06
380398,0.0,32.5,2019-01-05,3.938623e-06
380399,0.0,35.0,2019-01-05,5.029784e-06
380400,0.0,37.5,2019-01-05,5.6133636e-06
380401,0.0,40.0,2019-01-05,6.9772914e-06
380402,0.0,42.5,2019-01-05,5.9181352e-06
380403,0.0,45.0,2019-01-05,3.093994e-06
380404,0.0,47.5,2019-01-05,1.2563851e-06
380405,0.0,50.0,2019-01-05,4.0691054e-07
380406,0.0,52.5,2019-01-05,2.1921389e-07
380407,0.0,55.0,2019-01-05,1.5718985e-07
380408,0.0,57.5,2019-01-05,9.657199e-08
380409,0.0,60.0,2019-01-05,3.978113e-08
380410,0.0,62.5,2019-01-05,2.358528e-08
380411,0.0,65.0,2019-01-05,1.7918795e-08
380412,0.0,67.5,2019-01-05,3.624242e-08
380413,0.0,70.0,2019-01-05,5.244703e-08
380414,0.0,72.5,2019-01-05,1.3200783e-07
380415,0.0,75.0,2019-01-05,1.6996404e-07
380416,0.0,77.5,2019-01-05,6.999285e-07
380417,0.0,80.0,2019-01-05,2.3422335e-06
380418,0.0,82.5,2019-01-05,1.7595945e-05
380419,0.0,85.0,2019-01-05,7.82968e-05
380420,0.0,87.5,2019-01-05,0.00052454806
380421,0.0,90.0,2019-01-05,0.0011560302
380422,-2.5,20.0,2019-01-05,1.3871276e-05
380423,-2.5,22.5,2019-01-05,2.6762461e-06
380424,-2.5,25.0,2019-01-05,2.488629e-06
380425,-2.5,27.5,2019-01-05,2.921423e-06
380426,-2.5,30.0,2019-01-05,3.4314005e-06
380427,-2.5,32.5,2019-01-05,3.821969e-06
380428,-2.5,35.0,2019-01-05,4.9958135e-06
380429,-2.5,37.5,2019-01-05,3.834404e-06
380430,-2.5,40.0,2019-01-05,3.7316252e-06
380431,-2.5,42.5,2019-01-05,2.1046692e-06
380432,-2.5,45.0,2019-01-05,1.2533836e-06
380433,-2.5,47.5,2019-01-05,7.467146e-07
380434,-2.5,50.0,2019-01-05,1.9016957e-07
380435,-2.5,52.5,2019-01-05,7.738539e-08
380436,-2.5,55.0,2019-01-05,1.6874715e-08
380437,-2.5,57.5,2019-01-05,2.1875064e-08
380438,-2.5,60.0,2019-01-05,6.4751675e-09
380439,-2.5,62.5,2019-01-05,5.052185e-09
380440,-2.5,65.0,2019-01-05,3.2104515e-09
380441,-2.5,67.5,2019-01-05,1.4054111e-08
380442,-2.5,70.0,2019-01-05,1.0745634e-08
380443,-2.5,72.5,2019-01-05,2.6038594e-08
380444,-2.5,75.0,2019-01-05,2.2458234e-08
380445,-2.5,77.5,2019-01-05,8.461257e-08
380446,-2.5,80.0,2019-01-05,1.7693769e-07
380447,-2.5,82.5,2019-01-05,2.5162212e-06
380448,-2.5,85.0,2019-01-05,1.609025e-05
380449,-2.5,87.5,2019-01-05,0.00022854589
380450,-2.5,90.0,2019-01-05,0.00052171905
380451,-5.0,20.0,2019-01-05,3.3123728e-05
380452,-5.0,22.5,2019-01-05,9.559002e-06
380453,-5.0,25.0,2019-01-05,8.64013e-06
380454,-5.0,27.5,2019-01-05,7.217236e-06
380455,-5.0,30.0,2019-01-05,8.467943e-06
380456,-5.0,32.5,2019-01-05,9.065576e-06
380457,-5.0,35.0,2019-01-05,1.5931848e-05
380458,-5.0,37.5,2019-01-05,1.3691693e-05
380459,-5.0,40.0,2019-01-05,1.5706406e-05
380460,-5.0,42.5,2019-01-05,1.0912939e-05
380461,-5.0,45.0,2019-01-05,1.5440653e-05
380462,-5.0,47.5,2019-01-05,1.2195677e-05
380463,-5.0,50.0,2019-01-05,1.0141552e-05
380464,-5.0,52.5,2019-01-05,3.0270412e-06
380465,-5.0,55.0,2019-01-05,1.527856e-06
380466,-5.0,57.5,2019-01-05,9.971183e-07
380467,-5.0,60.0,2019-01-05,9.751948e-07
380468,-5.0,62.5,2019-01-05,1.166443e-06
380469,-5.0,65.0,2019-01-05,6.8869343e-07
380470,-5.0,67.5,2019-01-05,3.7282993e-07
380471,-5.0,70.0,2019-01-05,4.0843304e-07
380472,-5.0,72.5,2019-01-05,3.2068613e-07
380473,-5.0,75.0,2019-01-05,4.7735267e-07
380474,-5.0,77.5,2019-01-05,8.831923e-07
380475,-5.0,80.0,2019-01-05,1.8215129e-06
380476,-5.0,82.5,2019-01-05,9.034418e-06
380477,-5.0,85.0,2019-01-05,2.9480414e-05
380478,-5.0,87.5,2019-01-05,0.00021634965
380479,-5.0,90.0,2019-01-05,0.00065258885
380480,-7.5,20.0,2019-01-05,6.77603e-05
380481,-7.5,22.5,2019-01-05,1.9267254e-05
380482,-7.5,25.0,2019-01-05,1.8914683e-05
380483,-7.5,27.5,2019-01-05,1.7651375e-05
380484,-7.5,30.0,2019-01-05,1.9182078e-05
380485,-7.5,32.5,2019-01-05,1.7619152e-05
380486,-7.5,35.0,2019-01-05,2.5059835e-05
380487,-7.5,37.5,2019-01-05,2.319721e-05
380488,-7.5,40.0,2019-01-05,2.7856173e-05
380489,-7.5,42.5,2019-01-05,2.2427332e-05
380490,-7.5,45.0,2019-01-05,3.8627386e-05
380491,-7.5,47.5,2019-01-05,5.2853655e-05
380492,-7.5,50.0,2019-01-05,5.791361e-05
380493,-7.5,52.5,2019-01-05,4.261795e-05
380494,-7.5,55.0,2019-01-05,2.9777146e-05
380495,-7.5,57.5,2019-01-05,5.7017536e-05
380496,-7.5,60.0,2019-01-05,6.1343184e-05
380497,-7.5,62.5,2019-01-05,5.4530487e-05
380498,-7.5,65.0,2019-01-05,2.398981e-05
380499,-7.5,67.5,2019-01-05,1.0173267e-05
380500,-7.5,70.0,2019-01-05,4.6078503e-06
380501,-7.5,72.5,2019-01-05,7.768419e-06
380502,-7.5,75.0,2019-01-05,1.1042018e-05
380503,-7.5,77.5,2019-01-05,1.3945287e-05
380504,-7.5,80.0,2019-01-05,2.0857648e-05
380505,-7.5,82.5,2019-01-05,3.789431e-05
380506,-7.5,85.0,2019-01-05,6.628549e-05
380507,-7.5,87.5,2019-01-05,0.00022952225
380508,-7.5,90.0,2019-01-05,0.00057641615
380509,-10.0,20.0,2019-01-05,7.609835e-05
380510,-10.0,22.5,2019-01-05,2.6182874e-05
380511,-10.0,25.0,2019-01-05,2.7081567e-05
380512,-10.0,27.5,2019-01-05,2.9764484e-05
380513,-10.0,30.0,2019-01-05,2.818173e-05
380514,-10.0,32.5,2019-01-05,2.2145809e-05
380515,-10.0,35.0,2019-01-05,2.001807e-05
380516,-10.0,37.5,2019-01-05,2.1579199e-05
380517,-10.0,40.0,2019-01-05,2.9572093e-05
380518,-10.0,42.5,2019-01-05,3.4046207e-05
380519,-10.0,45.0,2019-01-05,3.59614e-05
380520,-10.0,47.5,2019-01-05,5.7028523e-05
380521,-10.0,50.0,2019-01-05,7.3560535e-05
380522,-10.0,52.5,2019-01-05,0.000120202836
380523,-10.0,55.0,2019-01-05,0.00036141963
380524,-10.0,57.5,2019-01-05,0.0011862189
380525,-10.0,60.0,2019-01-05,0.00076627056
380526,-10.0,62.5,2019-01-05,0.00044954338
380527,-10.0,65.0,2019-01-05,0.000109658016
380528,-10.0,67.5,2019-01-05,3.0601404e-05
380529,-10.0,70.0,2019-01-05,1.150371e-05
380530,-10.0,72.5,2019-01-05,2.3962646e-05
380531,-10.0,75.0,2019-01-05,4.0714684e-05
380532,-10.0,77.5,2019-01-05,5.913784e-05
380533,-10.0,80.0,2019-01-05,6.99503e-05
380534,-10.0,82.5,2019-01-05,9.821922e-05
380535,-10.0,85.0,2019-01-05,0.000103722785
380536,-10.0,87.5,2019-01-05,0.00019106953
380537,-10.0,90.0,2019-01-05,0.00035562064
380538,-12.5,20.0,2019-01-05,5.5347457e-05
380539,-12.5,22.5,2019-01-05,2.0705837e-05
380540,-12.5,25.0,2019-01-05,2.1017224e-05
380541,-12.5,27.5,2019-01-05,2.1462994e-05
380542,-12.5,30.0,2019-01-05,2.2982344e-05
380543,-12.5,32.5,2019-01-05,1.7754866e-05
380544,-12.5,35.0,2019-01-05,1.5851225e-05
380545,-12.5,37.5,2019-01-05,2.3578868e-05
380546,-12.5,40.0,2019-01-05,3.7243208e-05
380547,-12.5,42.5,2019-01-05,4.5089124e-05
380548,-12.5,45.0,2019-01-05,3.2473854e-05
380549,-12.5,47.5,2019-01-05,4.103017e-05
380550,-12.5,50.0,2019-01-05,7.901883e-05
380551,-12.5,52.5,2019-01-05,0.00045017913
380552,-12.5,55.0,2019-01-05,0.0015633301
380553,-12.5,57.5,2019-01-05,0.002127293
380554,-12.5,60.0,2019-01-05,0.0014286437
380555,-12.5,62.5,2019-01-05,0.00043583638
380556,-12.5,65.0,2019-01-05,0.00011073677
380557,-12.5,67.5,2019-01-05,1.9321868e-05
380558,-12.5,70.0,2019-01-05,1.1411598e-05
380559,-12.5,72.5,2019-01-05,2.3374374e-05
380560,-12.5,75.0,2019-01-05,4.3420536e-05
380561,-12.5,77.5,2019-01-05,5.921775e-05
380562,-12.5,80.0,2019-01-05,8.2725455e-05
380563,-12.5,82.5,2019-01-05,7.729471e-05
380564,-12.5,85.0,2019-01-05,5.905117e-05
380565,-12.5,87.5,2019-01-05,7.772563e-05
380566,-12.5,90.0,2019-01-05,0.00018174083
380567,-15.0,20.0,2019-01-05,3.0369063e-05
380568,-15.0,22.5,2019-01-05,1.1756468e-05
380569,-15.0,25.0,2019-01-05,1.0205021e-05
380570,-15.0,27.5,2019-01-05,1.123241e-05
380571,-15.0,30.0,2019-01-05,1.3008643e-05
380572,-15.0,32.5,2019-01-05,1.5470192e-05
380573,-15.0,35.0,2019-01-05,2.1258475e-05
380574,-15.0,37.5,2019-01-05,4.775291e-05
380575,-15.0,40.0,2019-01-05,9.7275006e-05
380576,-15.0,42.5,2019-01-05,9.8934564e-05
380577,-15.0,45.0,2019-01-05,7.092425e-05
380578,-15.0,47.5,2019-01-05,6.1040686e-05
380579,-15.0,50.0,2019-01-05,0.00013806952
380580,-15.0,52.5,2019-01-05,0.00080034026
380581,-15.0,55.0,2019-01-05,0.0012521878
380582,-15.0,57.5,2019-01-05,0.0014829118
380583,-15.0,60.0,2019-01-05,0.00042616768
380584,-15.0,62.5,2019-01-05,9.216134e-05
380585,-15.0,65.0,2019-01-05,2.0281903e-05
380586,-15.0,67.5,2019-01-05,6.0725124e-06
380587,-15.0,70.0,2019-01-05,5.5407013e-06
380588,-15.0,72.5,2019-01-05,7.573585e-06
380589,-15.0,75.0,2019-01-05,1.8818677e-05
380590,-15.0,77.5,2019-01-05,3.685302e-05
380591,-15.0,80.0,2019-01-05,7.0234106e-05
380592,-15.0,82.5,2019-01-05,3.8301147e-05
380593,-15.0,85.0,2019-01-05,2.1342043e-05
380594,-15.0,87.5,2019-01-05,4.0536317e-05
380595,-15.0,90.0,2019-01-05,0.00011237
380596,-17.5,20.0,2019-01-05,1.4403712e-05
380597,-17.5,22.5,2019-01-05,5.174837e-06
380598,-17.5,25.0,2019-01-05,4.061471e-06
380599,-17.5,27.5,2019-01-05,4.8953843e-06
380600,-17.5,30.0,2019-01-05,7.366365e-06
380601,-17.5,32.5,2019-01-05,1.7267335e-05
380602,-17.5,35.0,2019-01-05,5.0965253e-05
380603,-17.5,37.5,2019-01-05,0.00014628198
380604,-17.5,40.0,2019-01-05,0.00029635042
380605,-17.5,42.5,2019-01-05,0.00023226812
380606,-17.5,45.0,2019-01-05,0.00016723716
380607,-17.5,47.5,2019-01-05,9.443669e-05
380608,-17.5,50.0,2019-01-05,0.00023287526
380609,-17.5,52.5,2019-01-05,0.00046940788
380610,-17.5,55.0,2019-01-05,0.00085254305
380611,-17.5,57.5,2019-01-05,0.00038446527
380612,-17.5,60.0,2019-01-05,9.833017e-05
380613,-17.5,62.5,2019-01-05,2.8019173e-05
380614,-17.5,65.0,2019-01-05,8.526515e-06
380615,-17.5,67.5,2019-01-05,5.2807673e-06
380616,-17.5,70.0,2019-01-05,8.657071e-06
380617,-17.5,72.5,2019-01-05,1.1300916e-05
380618,-17.5,75.0,2019-01-05,3.0812367e-05
380619,-17.5,77.5,2019-01-05,3.5505527e-05
380620,-17.5,80.0,2019-01-05,5.2765823e-05
380621,-17.5,82.5,2019-01-05,1.5314217e-05
380622,-17.5,85.0,2019-01-05,6.1787136e-06
380623,-17.5,87.5,2019-01-05,1.5058975e-05
380624,-17.5,90.0,2019-01-05,6.674943e-05
380625,-20.0,20.0,2019-01-05,5.7370617e-06
380626,-20.0,22.5,2019-01-05,1.7813993e-06
380627,-20.0,25.0,2019-01-05,1.596267e-06
380628,-20.0,27.5,2019-01-05,2.774688e-06
380629,-20.0,30.0,2019-01-05,7.925097e-06
380630,-20.0,32.5,2019-01-05,6.381064e-05
380631,-20.0,35.0,2019-01-05,0.00022616811
380632,-20.0,37.5,2019-01-05,0.00037509264
380633,-20.0,40.0,2019-01-05,0.00043165122
380634,-20.0,42.5,2019-01-05,0.00025860066
380635,-20.0,45.0,2019-01-05,0.00017270392
380636,-20.0,47.5,2019-01-05,0.00013002513
380637,-20.0,50.0,2019-01-05,0.00019231513
380638,-20.0,52.5,2019-01-05,0.00025075083
380639,-20.0,55.0,2019-01-05,0.00020392997
380640,-20.0,57.5,2019-01-05,6.306811e-05
380641,-20.0,60.0,2019-01-05,2.2930459e-05
380642,-20.0,62.5,2019-01-05,8.262529e-06
380643,-20.0,65.0,2019-01-05,4.9057594e-06
380644,-20.0,67.5,2019-01-05,5.020458e-06
380645,-20.0,70.0,2019-01-05,1.0445649e-05
380646,-20.0,72.5,2019-01-05,2.1939217e-05
380647,-20.0,75.0,2019-01-05,4.3121858e-05
380648,-20.0,77.5,2019-01-05,4.2739153e-05
380649,-20.0,80.0,2019-01-05,1.9377225e-05
380650,-20.0,82.5,2019-01-05,3.211218e-06
380651,-20.0,85.0,2019-01-05,2.5424413e-06
380652,-20.0,87.5,2019-01-05,7.928301e-06
380653,-20.0,90.0,2019-01-05,2.837828e-05
380654,-22.5,20.0,2019-01-05,4.4419558e-06
380655,-22.5,22.5,2019-01-05,1.002735e-06
380656,-22.5,25.0,2019-01-05,1.1798595e-06
380657,-22.5,27.5,2019-01-05,2.7561637e-06
380658,-22.5,30.0,2019-01-05,1.3583824e-05
380659,-22.5,32.5,2019-01-05,0.00013253053
380660,-22.5,35.0,2019-01-05,0.00047518598
380661,-22.5,37.5,2019-01-05,0.00061631517
380662,-22.5,40.0,2019-01-05,0.000411625
380663,-22.5,42.5,2019-01-05,0.00013452965
380664,-22.5,45.0,2019-01-05,8.6536944e-05
380665,-22.5,47.5,2019-01-05,8.823264e-05
380666,-22.5,50.0,2019-01-05,9.676672e-05
380667,-22.5,52.5,2019-01-05,7.383899e-05
380668,-22.5,55.0,2019-01-05,4.2117044e-05
380669,-22.5,57.5,2019-01-05,1.952298e-05
380670,-22.5,60.0,2019-01-05,7.0150018e-06
380671,-22.5,62.5,2019-01-05,3.857158e-06
380672,-22.5,65.0,2019-01-05,3.7600819e-06
380673,-22.5,67.5,2019-01-05,4.0997866e-06
380674,-22.5,70.0,2019-01-05,9.627471e-06
380675,-22.5,72.5,2019-01-05,2.5125833e-05
380676,-22.5,75.0,2019-01-05,6.494636e-05
380677,-22.5,77.5,2019-01-05,5.0135928e-05
380678,-22.5,80.0,2019-01-05,1.2932152e-05
380679,-22.5,82.5,2019-01-05,1.6328968e-06
380680,-22.5,85.0,2019-01-05,1.5142266e-06
380681,-22.5,87.5,2019-01-05,4.0398454e-06
380682,-22.5,90.0,2019-01-05,1.7198674e-05
380683,-25.0,20.0,2019-01-05,4.1642215e-06
380684,-25.0,22.5,2019-01-05,1.7839392e-06
380685,-25.0,25.0,2019-01-05,2.4906567e-06
380686,-25.0,27.5,2019-01-05,1.8154422e-05
380687,-25.0,30.0,2019-01-05,6.2440595e-05
380688,-25.0,32.5,2019-01-05,0.00022854198
380689,-25.0,35.0,2019-01-05,0.00065011845
380690,-25.0,37.5,2019-01-05,0.0005793803
380691,-25.0,40.0,2019-01-05,0.0003080011
380692,-25.0,42.5,2019-01-05,5.4192795e-05
380693,-25.0,45.0,2019-01-05,3.962937e-05
380694,-25.0,47.5,2019-01-05,4.447901e-05
380695,-25.0,50.0,2019-01-05,7.2809606e-05
380696,-25.0,52.5,2019-01-05,6.4258e-05
380697,-25.0,55.0,2019-01-05,6.2903295e-05
380698,-25.0,57.5,2019-01-05,1.929535e-05
380699,-25.0,60.0,2019-01-05,1.0301454e-05
380700,-25.0,62.5,2019-01-05,6.1629303e-06
380701,-25.0,65.0,2019-01-05,7.0735687e-06
380702,-25.0,67.5,2019-01-05,7.417672e-06
380703,-25.0,70.0,2019-01-05,1.3964451e-05
380704,-25.0,72.5,2019-01-05,3.4984165e-05
380705,-25.0,75.0,2019-01-05,5.6821907e-05
380706,-25.0,77.5,2019-01-05,3.756681e-05
380707,-25.0,80.0,2019-01-05,1.1733172e-05
380708,-25.0,82.5,2019-01-05,3.0346314e-06
380709,-25.0,85.0,2019-01-05,1.7483239e-06
380710,-25.0,87.5,2019-01-05,3.571973e-06
380711,-25.0,90.0,2019-01-05,1.9369061e-05
380712,-27.5,20.0,2019-01-05,1.9318035e-05
380713,-27.5,22.5,2019-01-05,7.887293e-06
380714,-27.5,25.0,2019-01-05,7.955431e-06
380715,-27.5,27.5,2019-01-05,3.7738155e-05
380716,-27.5,30.0,2019-01-05,0.00012874696
380717,-27.5,32.5,2019-01-05,0.00026279173
380718,-27.5,35.0,2019-01-05,0.00032545507
380719,-27.5,37.5,2019-01-05,0.00027259765
380720,-27.5,40.0,2019-01-05,0.00011458911
380721,-27.5,42.5,2019-01-05,2.902404e-05
380722,-27.5,45.0,2019-01-05,2.3062526e-05
380723,-27.5,47.5,2019-01-05,2.991696e-05
380724,-27.5,50.0,2019-01-05,7.0851645e-05
380725,-27.5,52.5,2019-01-05,7.181499e-05
380726,-27.5,55.0,2019-01-05,7.002653e-05
380727,-27.5,57.5,2019-01-05,2.3639976e-05
380728,-27.5,60.0,2019-01-05,1.8168521e-05
380729,-27.5,62.5,2019-01-05,1.3487758e-05
380730,-27.5,65.0,2019-01-05,1.2573881e-05
380731,-27.5,67.5,2019-01-05,1.2177337e-05
380732,-27.5,70.0,2019-01-05,2.284237e-05
380733,-27.5,72.5,2019-01-05,4.1387622e-05
380734,-27.5,75.0,2019-01-05,5.6979377e-05
380735,-27.5,77.5,2019-01-05,4.1054514e-05
380736,-27.5,80.0,2019-01-05,2.1914417e-05
380737,-27.5,82.5,2019-01-05,8.519672e-06
380738,-27.5,85.0,2019-01-05,3.7850216e-06
380739,-27.5,87.5,2019-01-05,4.9407104e-06
380740,-27.5,90.0,2019-01-05,1.9889621e-05
380741,-30.0,20.0,2019-01-05,1.7371955e-05
380742,-30.0,22.5,2019-01-05,8.0428845e-06
380743,-30.0,25.0,2019-01-05,1.767732e-05
380744,-30.0,27.5,2019-01-05,6.938547e-05
380745,-30.0,30.0,2019-01-05,0.00017277572
380746,-30.0,32.5,2019-01-05,0.0002802313
380747,-30.0,35.0,2019-01-05,0.00024974704
380748,-30.0,37.5,2019-01-05,0.00020824138
380749,-30.0,40.0,2019-01-05,6.4985274e-05
380750,-30.0,42.5,2019-01-05,4.468606e-05
380751,-30.0,45.0,2019-01-05,4.382104e-05
380752,-30.0,47.5,2019-01-05,6.256577e-05
380753,-30.0,50.0,2019-01-05,0.00010295829
380754,-30.0,52.5,2019-01-05,0.00010477372
380755,-30.0,55.0,2019-01-05,7.1652044e-05
380756,-30.0,57.5,2019-01-05,3.5001118e-05
380757,-30.0,60.0,2019-01-05,2.56608e-05
380758,-30.0,62.5,2019-01-05,2.1582904e-05
380759,-30.0,65.0,2019-01-05,1.9115461e-05
380760,-30.0,67.5,2019-01-05,2.8517288e-05
380761,-30.0,70.0,2019-01-05,3.3988337e-05
380762,-30.0,72.5,2019-01-05,6.7007975e-05
380763,-30.0,75.0,2019-01-05,9.814938e-05
380764,-30.0,77.5,2019-01-05,0.000109718894
380765,-30.0,80.0,2019-01-05,9.8784105e-05
380766,-30.0,82.5,2019-01-05,4.710514e-05
380767,-30.0,85.0,2019-01-05,2.0249356e-05
380768,-30.0,87.5,2019-01-05,2.0479292e-05
380769,-30.0,90.0,2019-01-05,5.3067288e-05
380770,0.0,20.0,2019-01-06,7.26156e-06
380771,0.0,22.5,2019-01-06,2.530168e-06
380772,0.0,25.0,2019-01-06,1.7230452e-06
380773,0.0,27.5,2019-01-06,1.4160632e-06
380774,0.0,30.0,2019-01-06,7.9452934e-07
380775,0.0,32.5,2019-01-06,5.8094446e-07
380776,0.0,35.0,2019-01-06,7.6371555e-07
380777,0.0,37.5,2019-01-06,9.788342e-07
380778,0.0,40.0,2019-01-06,1.3507662e-06
380779,0.0,42.5,2019-01-06,1.2674035e-06
380780,0.0,45.0,2019-01-06,7.5084773e-07
380781,0.0,47.5,2019-01-06,2.412425e-07
380782,0.0,50.0,2019-01-06,4.6163116e-08
380783,0.0,52.5,2019-01-06,1.0174441e-08
380784,0.0,55.0,2019-01-06,4.920479e-09
380785,0.0,57.5,2019-01-06,6.2338694e-09
380786,0.0,60.0,2019-01-06,7.093549e-09
380787,0.0,62.5,2019-01-06,1.6318111e-08
380788,0.0,65.0,2019-01-06,2.0738922e-08
380789,0.0,67.5,2019-01-06,5.6649952e-08
380790,0.0,70.0,2019-01-06,7.515055e-08
380791,0.0,72.5,2019-01-06,2.7957358e-07
380792,0.0,75.0,2019-01-06,4.95584e-07
380793,0.0,77.5,2019-01-06,5.91334e-06
380794,0.0,80.0,2019-01-06,2.9424462e-05
380795,0.0,82.5,2019-01-06,0.00020514145
380796,0.0,85.0,2019-01-06,0.00032743128
380797,0.0,87.5,2019-01-06,0.000457295
380798,0.0,90.0,2019-01-06,0.00041446724
380799,-2.5,20.0,2019-01-06,8.036935e-06
380800,-2.5,22.5,2019-01-06,1.2821574e-06
380801,-2.5,25.0,2019-01-06,8.596844e-07
380802,-2.5,27.5,2019-01-06,5.9850595e-07
380803,-2.5,30.0,2019-01-06,5.885328e-07
380804,-2.5,32.5,2019-01-06,6.392303e-07
380805,-2.5,35.0,2019-01-06,9.61608e-07
380806,-2.5,37.5,2019-01-06,8.8534944e-07
380807,-2.5,40.0,2019-01-06,8.7526684e-07
380808,-2.5,42.5,2019-01-06,6.081572e-07
380809,-2.5,45.0,2019-01-06,3.0725005e-07
380810,-2.5,47.5,2019-01-06,1.2464588e-07
380811,-2.5,50.0,2019-01-06,4.9720654e-09
380812,-2.5,52.5,2019-01-06,4.953831e-10
380813,-2.5,55.0,2019-01-06,5.9854496e-11
380814,-2.5,57.5,2019-01-06,1.4012022e-10
380815,-2.5,60.0,2019-01-06,2.700342e-10
380816,-2.5,62.5,2019-01-06,1.0265898e-09
380817,-2.5,65.0,2019-01-06,3.2361498e-09
380818,-2.5,67.5,2019-01-06,5.299969e-09
380819,-2.5,70.0,2019-01-06,7.901767e-09
380820,-2.5,72.5,2019-01-06,1.6539904e-08
380821,-2.5,75.0,2019-01-06,3.1896462e-08
380822,-2.5,77.5,2019-01-06,7.074581e-07
380823,-2.5,80.0,2019-01-06,4.138417e-06
380824,-2.5,82.5,2019-01-06,6.237669e-05
380825,-2.5,85.0,2019-01-06,4.647608e-05
380826,-2.5,87.5,2019-01-06,0.00012582634
380827,-2.5,90.0,2019-01-06,0.00015697413
380828,-5.0,20.0,2019-01-06,1.9541385e-05
380829,-5.0,22.5,2019-01-06,4.7921094e-06
380830,-5.0,25.0,2019-01-06,3.1976372e-06
380831,-5.0,27.5,2019-01-06,2.059125e-06
380832,-5.0,30.0,2019-01-06,2.2319593e-06
380833,-5.0,32.5,2019-01-06,2.74634e-06
380834,-5.0,35.0,2019-01-06,5.89431e-06
380835,-5.0,37.5,2019-01-06,6.507723e-06
380836,-5.0,40.0,2019-01-06,1.0190648e-05
380837,-5.0,42.5,2019-01-06,1.1100597e-05
380838,-5.0,45.0,2019-01-06,1.1937711e-05
380839,-5.0,47.5,2019-01-06,4.998101e-06
380840,-5.0,50.0,2019-01-06,5.928083e-07
380841,-5.0,52.5,2019-01-06,7.85781e-08
380842,-5.0,55.0,2019-01-06,3.377031e-08
380843,-5.0,57.5,2019-01-06,5.0967383e-08
380844,-5.0,60.0,2019-01-06,1.0807672e-07
380845,-5.0,62.5,2019-01-06,1.3509063e-07
380846,-5.0,65.0,2019-01-06,2.3381577e-07
380847,-5.0,67.5,2019-01-06,1.2688146e-07
380848,-5.0,70.0,2019-01-06,2.7321815e-07
380849,-5.0,72.5,2019-01-06,3.1020963e-07
380850,-5.0,75.0,2019-01-06,8.02556e-07
380851,-5.0,77.5,2019-01-06,4.24462e-06
380852,-5.0,80.0,2019-01-06,1.6394926e-05
380853,-5.0,82.5,2019-01-06,5.2180763e-05
380854,-5.0,85.0,2019-01-06,9.5105075e-05
380855,-5.0,87.5,2019-01-06,0.0001457893
380856,-5.0,90.0,2019-01-06,0.00045779638
380857,-7.5,20.0,2019-01-06,3.9536433e-05
380858,-7.5,22.5,2019-01-06,9.934271e-06
380859,-7.5,25.0,2019-01-06,7.878707e-06
380860,-7.5,27.5,2019-01-06,6.090666e-06
380861,-7.5,30.0,2019-01-06,7.2896746e-06
380862,-7.5,32.5,2019-01-06,7.879939e-06
380863,-7.5,35.0,2019-01-06,1.6437445e-05
380864,-7.5,37.5,2019-01-06,2.0548468e-05
380865,-7.5,40.0,2019-01-06,3.3146545e-05
380866,-7.5,42.5,2019-01-06,2.9250386e-05
380867,-7.5,45.0,2019-01-06,3.5355373e-05
380868,-7.5,47.5,2019-01-06,2.5294075e-05
380869,-7.5,50.0,2019-01-06,1.5250612e-05
380870,-7.5,52.5,2019-01-06,8.576081e-06
380871,-7.5,55.0,2019-01-06,8.589636e-06
380872,-7.5,57.5,2019-01-06,1.915031e-05
380873,-7.5,60.0,2019-01-06,1.7923014e-05
380874,-7.5,62.5,2019-01-06,1.7661983e-05
380875,-7.5,65.0,2019-01-06,9.533129e-06
380876,-7.5,67.5,2019-01-06,5.9058443e-06
380877,-7.5,70.0,2019-01-06,7.456311e-06
380878,-7.5,72.5,2019-01-06,7.4064187e-06
380879,-7.5,75.0,2019-01-06,1.4387155e-05
380880,-7.5,77.5,2019-01-06,2.156772e-05
380881,-7.5,80.0,2019-01-06,5.8770056e-05
380882,-7.5,82.5,2019-01-06,0.00010122333
380883,-7.5,85.0,2019-01-06,0.00016163517
380884,-7.5,87.5,2019-01-06,0.00028399218
380885,-7.5,90.0,2019-01-06,0.00072787213
380886,-10.0,20.0,2019-01-06,4.1223208e-05
380887,-10.0,22.5,2019-01-06,1.241853e-05
380888,-10.0,25.0,2019-01-06,1.1090798e-05
380889,-10.0,27.5,2019-01-06,1.1820325e-05
380890,-10.0,30.0,2019-01-06,1.2823878e-05
380891,-10.0,32.5,2019-01-06,1.4041771e-05
380892,-10.0,35.0,2019-01-06,1.690751e-05
380893,-10.0,37.5,2019-01-06,2.3082195e-05
380894,-10.0,40.0,2019-01-06,3.4184868e-05
380895,-10.0,42.5,2019-01-06,4.472494e-05
380896,-10.0,45.0,2019-01-06,5.8127953e-05
380897,-10.0,47.5,2019-01-06,6.614872e-05
380898,-10.0,50.0,2019-01-06,5.268206e-05
380899,-10.0,52.5,2019-01-06,0.0001190824
380900,-10.0,55.0,2019-01-06,0.00017047327
380901,-10.0,57.5,2019-01-06,0.00015959828
380902,-10.0,60.0,2019-01-06,0.00010110738
380903,-10.0,62.5,2019-01-06,7.355128e-05
380904,-10.0,65.0,2019-01-06,3.2301505e-05
380905,-10.0,67.5,2019-01-06,2.5011892e-05
380906,-10.0,70.0,2019-01-06,2.5173369e-05
380907,-10.0,72.5,2019-01-06,3.552978e-05
380908,-10.0,75.0,2019-01-06,5.3294993e-05
380909,-10.0,77.5,2019-01-06,5.070416e-05
380910,-10.0,80.0,2019-01-06,6.2100225e-05
380911,-10.0,82.5,2019-01-06,6.8185254e-05
380912,-10.0,85.0,2019-01-06,8.714876e-05
380913,-10.0,87.5,2019-01-06,0.00018585095
380914,-10.0,90.0,2019-01-06,0.00047242778
380915,-12.5,20.0,2019-01-06,2.4519242e-05
380916,-12.5,22.5,2019-01-06,7.978879e-06
380917,-12.5,25.0,2019-01-06,8.014341e-06
380918,-12.5,27.5,2019-01-06,8.497293e-06
380919,-12.5,30.0,2019-01-06,1.1621122e-05
380920,-12.5,32.5,2019-01-06,1.34538695e-05
380921,-12.5,35.0,2019-01-06,1.5338155e-05
380922,-12.5,37.5,2019-01-06,2.3381017e-05
380923,-12.5,40.0,2019-01-06,5.429853e-05
380924,-12.5,42.5,2019-01-06,9.178596e-05
380925,-12.5,45.0,2019-01-06,0.000106884196
380926,-12.5,47.5,2019-01-06,7.317155e-05
380927,-12.5,50.0,2019-01-06,0.00012339224
380928,-12.5,52.5,2019-01-06,0.00035331462
380929,-12.5,55.0,2019-01-06,0.0006169663
380930,-12.5,57.5,2019-01-06,0.00038960704
380931,-12.5,60.0,2019-01-06,0.00018123793
380932,-12.5,62.5,2019-01-06,4.748934e-05
380933,-12.5,65.0,2019-01-06,2.7079503e-05
380934,-12.5,67.5,2019-01-06,2.0152878e-05
380935,-12.5,70.0,2019-01-06,1.6381393e-05
380936,-12.5,72.5,2019-01-06,2.0705955e-05
380937,-12.5,75.0,2019-01-06,2.2039958e-05
380938,-12.5,77.5,2019-01-06,2.1159849e-05
380939,-12.5,80.0,2019-01-06,1.6326836e-05
380940,-12.5,82.5,2019-01-06,2.1460906e-05
380941,-12.5,85.0,2019-01-06,2.8187322e-05
380942,-12.5,87.5,2019-01-06,7.8117075e-05
380943,-12.5,90.0,2019-01-06,0.00014900946
380944,-15.0,20.0,2019-01-06,7.850266e-06
380945,-15.0,22.5,2019-01-06,3.3224803e-06
380946,-15.0,25.0,2019-01-06,3.1839863e-06
380947,-15.0,27.5,2019-01-06,4.8666175e-06
380948,-15.0,30.0,2019-01-06,7.823107e-06
380949,-15.0,32.5,2019-01-06,1.4300566e-05
380950,-15.0,35.0,2019-01-06,2.3922095e-05
380951,-15.0,37.5,2019-01-06,0.000107367174
380952,-15.0,40.0,2019-01-06,0.00029310083
380953,-15.0,42.5,2019-01-06,0.0003124043
380954,-15.0,45.0,2019-01-06,0.00023824826
380955,-15.0,47.5,2019-01-06,0.00010213026
380956,-15.0,50.0,2019-01-06,0.00023981054
380957,-15.0,52.5,2019-01-06,0.00064410106
380958,-15.0,55.0,2019-01-06,0.0010464551
380959,-15.0,57.5,2019-01-06,0.0004667807
380960,-15.0,60.0,2019-01-06,0.00012431768
380961,-15.0,62.5,2019-01-06,1.5870526e-05
380962,-15.0,65.0,2019-01-06,8.89583e-06
380963,-15.0,67.5,2019-01-06,5.80832e-06
380964,-15.0,70.0,2019-01-06,4.633506e-06
380965,-15.0,72.5,2019-01-06,3.9367683e-06
380966,-15.0,75.0,2019-01-06,4.6185764e-06
380967,-15.0,77.5,2019-01-06,2.4847398e-06
380968,-15.0,80.0,2019-01-06,2.8883296e-06
380969,-15.0,82.5,2019-01-06,3.5386029e-06
380970,-15.0,85.0,2019-01-06,1.0288454e-05
380971,-15.0,87.5,2019-01-06,1.8018953e-05
380972,-15.0,90.0,2019-01-06,4.709858e-05
380973,-17.5,20.0,2019-01-06,4.0589e-06
380974,-17.5,22.5,2019-01-06,1.2969545e-06
380975,-17.5,25.0,2019-01-06,1.0526022e-06
380976,-17.5,27.5,2019-01-06,2.2452812e-06
380977,-17.5,30.0,2019-01-06,5.665693e-06
380978,-17.5,32.5,2019-01-06,1.5802743e-05
380979,-17.5,35.0,2019-01-06,7.2033916e-05
380980,-17.5,37.5,2019-01-06,0.00055314094
380981,-17.5,40.0,2019-01-06,0.0010498262
380982,-17.5,42.5,2019-01-06,0.0010320968
380983,-17.5,45.0,2019-01-06,0.00034540813
380984,-17.5,47.5,2019-01-06,0.00013734156
380985,-17.5,50.0,2019-01-06,0.00033875118
380986,-17.5,52.5,2019-01-06,0.00047850065
380987,-17.5,55.0,2019-01-06,0.00061707065
380988,-17.5,57.5,2019-01-06,0.00018304585
380989,-17.5,60.0,2019-01-06,6.9321715e-05
380990,-17.5,62.5,2019-01-06,1.17803065e-05
380991,-17.5,65.0,2019-01-06,7.0576793e-06
380992,-17.5,67.5,2019-01-06,6.2175723e-06
380993,-17.5,70.0,2019-01-06,8.975832e-06
380994,-17.5,72.5,2019-01-06,8.893235e-06
380995,-17.5,75.0,2019-01-06,1.1298717e-05
380996,-17.5,77.5,2019-01-06,3.730202e-06
380997,-17.5,80.0,2019-01-06,2.2677389e-06
380998,-17.5,82.5,2019-01-06,3.4438979e-06
380999,-17.5,85.0,2019-01-06,8.689544e-06
381000,-17.5,87.5,2019-01-06,1.9001394e-05
381001,-17.5,90.0,2019-01-06,3.3986977e-05
381002,-20.0,20.0,2019-01-06,1.2812798e-06
381003,-20.0,22.5,2019-01-06,3.515766e-07
381004,-20.0,25.0,2019-01-06,5.0695144e-07
381005,-20.0,27.5,2019-01-06,2.4009405e-06
381006,-20.0,30.0,2019-01-06,7.843456e-06
381007,-20.0,32.5,2019-01-06,3.5289824e-05
381008,-20.0,35.0,2019-01-06,0.00016875248
381009,-20.0,37.5,2019-01-06,0.0004920334
381010,-20.0,40.0,2019-01-06,0.00096709933
381011,-20.0,42.5,2019-01-06,0.00072931085
381012,-20.0,45.0,2019-01-06,0.00022349221
381013,-20.0,47.5,2019-01-06,0.00017224015
381014,-20.0,50.0,2019-01-06,0.00029184547
381015,-20.0,52.5,2019-01-06,0.00035857284
381016,-20.0,55.0,2019-01-06,0.00029314385
381017,-20.0,57.5,2019-01-06,9.6242e-05
381018,-20.0,60.0,2019-01-06,4.084325e-05
381019,-20.0,62.5,2019-01-06,1.2456082e-05
381020,-20.0,65.0,2019-01-06,7.4259106e-06
381021,-20.0,67.5,2019-01-06,7.890181e-06
381022,-20.0,70.0,2019-01-06,1.7116172e-05
381023,-20.0,72.5,2019-01-06,2.266133e-05
381024,-20.0,75.0,2019-01-06,2.8924067e-05
381025,-20.0,77.5,2019-01-06,7.154464e-06
381026,-20.0,80.0,2019-01-06,2.1326978e-06
381027,-20.0,82.5,2019-01-06,3.0897597e-06
381028,-20.0,85.0,2019-01-06,7.1112286e-06
381029,-20.0,87.5,2019-01-06,1.5779853e-05
381030,-20.0,90.0,2019-01-06,3.0965362e-05
381031,-22.5,20.0,2019-01-06,1.0445881e-06
381032,-22.5,22.5,2019-01-06,3.3794544e-07
381033,-22.5,25.0,2019-01-06,9.822305e-07
381034,-22.5,27.5,2019-01-06,4.8481065e-06
381035,-22.5,30.0,2019-01-06,2.2250128e-05
381036,-22.5,32.5,2019-01-06,8.387214e-05
381037,-22.5,35.0,2019-01-06,0.00022826847
381038,-22.5,37.5,2019-01-06,0.00031262002
381039,-22.5,40.0,2019-01-06,0.0003728968
381040,-22.5,42.5,2019-01-06,0.00018635631
381041,-22.5,45.0,2019-01-06,0.00012174709
381042,-22.5,47.5,2019-01-06,0.0001366247
381043,-22.5,50.0,2019-01-06,0.00021795342
381044,-22.5,52.5,2019-01-06,0.0001564644
381045,-22.5,55.0,2019-01-06,0.00012248603
381046,-22.5,57.5,2019-01-06,7.258251e-05
381047,-22.5,60.0,2019-01-06,5.574515e-05
381048,-22.5,62.5,2019-01-06,1.8321005e-05
381049,-22.5,65.0,2019-01-06,1.1683752e-05
381050,-22.5,67.5,2019-01-06,7.381344e-06
381051,-22.5,70.0,2019-01-06,1.60508e-05
381052,-22.5,72.5,2019-01-06,3.1334126e-05
381053,-22.5,75.0,2019-01-06,3.0925883e-05
381054,-22.5,77.5,2019-01-06,4.57119e-06
381055,-22.5,80.0,2019-01-06,3.4879577e-06
381056,-22.5,82.5,2019-01-06,3.3577357e-06
381057,-22.5,85.0,2019-01-06,5.321636e-06
381058,-22.5,87.5,2019-01-06,1.331012e-05
381059,-22.5,90.0,2019-01-06,3.4364642e-05
381060,-25.0,20.0,2019-01-06,1.0956528e-06
381061,-25.0,22.5,2019-01-06,1.2248256e-06
381062,-25.0,25.0,2019-01-06,4.794907e-06
381063,-25.0,27.5,2019-01-06,2.8957409e-05
381064,-25.0,30.0,2019-01-06,0.0001030687
381065,-25.0,32.5,2019-01-06,0.00022956493
381066,-25.0,35.0,2019-01-06,0.00040721023
381067,-25.0,37.5,2019-01-06,0.0003342719
381068,-25.0,40.0,2019-01-06,0.00022954436
381069,-25.0,42.5,2019-01-06,6.610053e-05
381070,-25.0,45.0,2019-01-06,9.5937605e-05
381071,-25.0,47.5,2019-01-06,0.00017617947
381072,-25.0,50.0,2019-01-06,0.00032637102
381073,-25.0,52.5,2019-01-06,0.00039102248
381074,-25.0,55.0,2019-01-06,0.00031158095
381075,-25.0,57.5,2019-01-06,0.00023136348
381076,-25.0,60.0,2019-01-06,0.0001766016
381077,-25.0,62.5,2019-01-06,7.642195e-05
381078,-25.0,65.0,2019-01-06,3.0588333e-05
381079,-25.0,67.5,2019-01-06,1.4763826e-05
381080,-25.0,70.0,2019-01-06,2.8197535e-05
381081,-25.0,72.5,2019-01-06,4.2284857e-05
381082,-25.0,75.0,2019-01-06,2.5983436e-05
381083,-25.0,77.5,2019-01-06,8.583347e-06
381084,-25.0,80.0,2019-01-06,7.864219e-06
381085,-25.0,82.5,2019-01-06,6.0330176e-06
381086,-25.0,85.0,2019-01-06,9.1012125e-06
381087,-25.0,87.5,2019-01-06,2.4105118e-05
381088,-25.0,90.0,2019-01-06,5.964451e-05
381089,-27.5,20.0,2019-01-06,5.5498817e-06
381090,-27.5,22.5,2019-01-06,3.5560388e-06
381091,-27.5,25.0,2019-01-06,1.7156375e-05
381092,-27.5,27.5,2019-01-06,9.092404e-05
381093,-27.5,30.0,2019-01-06,0.0002717872
381094,-27.5,32.5,2019-01-06,0.0005379977
381095,-27.5,35.0,2019-01-06,0.00051467883
381096,-27.5,37.5,2019-01-06,0.0004096616
381097,-27.5,40.0,2019-01-06,9.055958e-05
381098,-27.5,42.5,2019-01-06,4.9429527e-05
381099,-27.5,45.0,2019-01-06,9.5041614e-05
381100,-27.5,47.5,2019-01-06,0.00018845449
381101,-27.5,50.0,2019-01-06,0.00042816275
381102,-27.5,52.5,2019-01-06,0.0004294737
381103,-27.5,55.0,2019-01-06,0.00048682143
381104,-27.5,57.5,2019-01-06,0.00044173418
381105,-27.5,60.0,2019-01-06,0.00042407977
381106,-27.5,62.5,2019-01-06,0.00026084192
381107,-27.5,65.0,2019-01-06,0.00014311404
381108,-27.5,67.5,2019-01-06,0.00011525077
381109,-27.5,70.0,2019-01-06,0.00013623599
381110,-27.5,72.5,2019-01-06,0.00015150858
381111,-27.5,75.0,2019-01-06,8.779034e-05
381112,-27.5,77.5,2019-01-06,3.872601e-05
381113,-27.5,80.0,2019-01-06,2.838353e-05
381114,-27.5,82.5,2019-01-06,9.752481e-06
381115,-27.5,85.0,2019-01-06,1.1813608e-05
381116,-27.5,87.5,2019-01-06,3.2236392e-05
381117,-27.5,90.0,2019-01-06,9.135147e-05
381118,-30.0,20.0,2019-01-06,3.5561677e-06
381119,-30.0,22.5,2019-01-06,2.3821108e-06
381120,-30.0,25.0,2019-01-06,1.3202386e-05
381121,-30.0,27.5,2019-01-06,8.2517145e-05
381122,-30.0,30.0,2019-01-06,0.0002793281
381123,-30.0,32.5,2019-01-06,0.00041034928
381124,-30.0,35.0,2019-01-06,0.0005312873
381125,-30.0,37.5,2019-01-06,0.0002741913
381126,-30.0,40.0,2019-01-06,0.00020958234
381127,-30.0,42.5,2019-01-06,0.00019420688
381128,-30.0,45.0,2019-01-06,0.0003451308
381129,-30.0,47.5,2019-01-06,0.0004167991
381130,-30.0,50.0,2019-01-06,0.00073715317
381131,-30.0,52.5,2019-01-06,0.0007992157
381132,-30.0,55.0,2019-01-06,0.0008301748
381133,-30.0,57.5,2019-01-06,0.00070280005
381134,-30.0,60.0,2019-01-06,0.0005846076
381135,-30.0,62.5,2019-01-06,0.00040654305
381136,-30.0,65.0,2019-01-06,0.00030228499
381137,-30.0,67.5,2019-01-06,0.00047512524
381138,-30.0,70.0,2019-01-06,0.0007088333
381139,-30.0,72.5,2019-01-06,0.00065360195
381140,-30.0,75.0,2019-01-06,0.00046376526
381141,-30.0,77.5,2019-01-06,0.00023971476
381142,-30.0,80.0,2019-01-06,0.00014018679
381143,-30.0,82.5,2019-01-06,4.6906207e-05
381144,-30.0,85.0,2019-01-06,2.9478895e-05
381145,-30.0,87.5,2019-01-06,4.6987414e-05
381146,-30.0,90.0,2019-01-06,0.00013651494
